<TemplatesExport family="File Templates">
  <Template uid="bf8a4c9b-ba29-48f0-8039-75694a555bf0" shortcut="" description="dbmig" text="using System.Data;&#xD;&#xA;using Migrator.Framework;&#xD;&#xA;&#xD;&#xA;namespace $NAMESPACE$&#xD;&#xA;{&#xD;&#xA;    [Migration($VERSION$)]&#xD;&#xA;    public class $MIGRATION_NAME$_$VERSION$ : Migration&#xD;&#xA;    {&#xD;&#xA;        public override void Up()&#xD;&#xA;        {&#xD;&#xA;            Database$UP$&#xD;&#xA;        }&#xD;&#xA;&#xD;&#xA;        public override void Down()&#xD;&#xA;        {&#xD;&#xA;            Database$DOWN$&#xD;&#xA;        }&#xD;&#xA;    }&#xD;&#xA;}&#xD;&#xA;" reformat="True" shortenQualifiedReferences="True">
    <Context>
      <ProjectLanguageContext language="CSharp" />
    </Context>
    <Categories />
    <Variables>
      <Variable name="NAMESPACE" expression="fileDefaultNamespace()" initialRange="-1" />
      <Variable name="VERSION" expression="getCurrentTime(&quot;yyyyMMddhhmmss&quot;)" initialRange="-1" />
      <Variable name="MIGRATION_NAME" expression="getFileNameWithoutExtension()" initialRange="-1" />
      <Variable name="UP" expression="" initialRange="0" />
      <Variable name="DOWN" expression="" initialRange="0" />
    </Variables>
    <CustomProperties>
      <Property key="FileName" value="Class" />
      <Property key="Extension" value="cs" />
      <Property key="ValidateFileName" value="False" />
    </CustomProperties>
  </Template>
</TemplatesExport>